datetime,temperature_C,humidity_percent,pressure_hPa,wind_speed_kmh,wind_direction_deg,precipitation_mm,cloudcover_percent,uv_index,snowfall_mm,is_day,weather_code,weather_condition_label
2019-04-27T00:00,14.1,94.0,1015.1,13.5,209.0,2.5,100.0,,0.0,0,63.0,Umjerena kiša
2019-04-27T01:00,14.0,97.0,1015.0,12.3,175.0,0.7,100.0,,0.0,0,53.0,Umjerena rosulja
2019-04-27T02:00,14.4,97.0,1014.8,11.1,151.0,0.2,100.0,,0.0,0,51.0,Slaba rosulja
2019-04-27T03:00,13.7,99.0,1014.6,7.4,151.0,0.1,49.0,,0.0,0,51.0,Slaba rosulja
2019-04-27T04:00,13.3,97.0,1014.5,5.5,122.0,0.0,31.0,,0.0,0,1.0,Uglavnom vedro
2019-04-27T05:00,12.2,95.0,1014.7,4.5,104.0,0.0,47.0,,0.0,0,1.0,Uglavnom vedro
2019-04-27T06:00,12.8,91.0,1014.4,5.1,86.0,0.0,37.0,,0.0,1,1.0,Uglavnom vedro
2019-04-27T07:00,13.5,89.0,1014.7,4.8,77.0,0.0,15.0,,0.0,1,0.0,Vedro
2019-04-27T08:00,15.0,86.0,1015.0,5.1,225.0,0.0,22.0,,0.0,1,1.0,Uglavnom vedro
2019-04-27T09:00,14.9,86.0,1015.0,6.6,221.0,0.0,42.0,,0.0,1,1.0,Uglavnom vedro
2019-04-27T10:00,14.2,93.0,1016.2,5.4,228.0,1.1,100.0,,0.0,1,55.0,Jaka rosulja
2019-04-27T11:00,13.9,91.0,1016.4,6.9,39.0,0.7,42.0,,0.0,1,53.0,Umjerena rosulja
2019-04-27T12:00,16.2,72.0,1015.4,2.3,198.0,0.1,25.0,,0.0,1,51.0,Slaba rosulja
2019-04-27T13:00,17.4,63.0,1014.8,6.1,225.0,0.0,25.0,,0.0,1,1.0,Uglavnom vedro
2019-04-27T14:00,16.3,69.0,1015.5,8.7,210.0,0.1,57.0,,0.0,1,51.0,Slaba rosulja
2019-04-27T15:00,16.0,70.0,1015.7,6.8,245.0,0.0,72.0,,0.0,1,2.0,Djelomično oblačno
2019-04-27T16:00,15.8,65.0,1015.1,4.2,250.0,0.0,56.0,,0.0,1,2.0,Djelomično oblačno
2019-04-27T17:00,16.5,56.0,1014.4,6.4,243.0,0.0,41.0,,0.0,1,1.0,Uglavnom vedro
2019-04-27T18:00,15.5,64.0,1014.5,6.9,223.0,0.0,5.0,,0.0,1,0.0,Vedro
2019-04-27T19:00,14.8,68.0,1014.7,3.1,216.0,0.0,0.0,,0.0,1,0.0,Vedro
2019-04-27T20:00,14.2,68.0,1015.1,0.8,63.0,0.0,1.0,,0.0,1,0.0,Vedro
2019-04-27T21:00,12.5,79.0,1016.0,1.0,45.0,0.0,0.0,,0.0,0,0.0,Vedro
2019-04-27T22:00,11.9,80.0,1016.4,1.8,53.0,0.0,0.0,,0.0,0,0.0,Vedro
2019-04-27T23:00,11.8,77.0,1016.0,2.1,59.0,0.0,0.0,,0.0,0,0.0,Vedro
2019-04-28T00:00,11.5,77.0,1015.8,2.9,60.0,0.0,0.0,,0.0,0,0.0,Vedro
2019-04-28T01:00,10.8,80.0,1015.2,2.1,59.0,0.0,8.0,,0.0,0,0.0,Vedro
2019-04-28T02:00,10.7,79.0,1015.7,0.5,45.0,0.0,20.0,,0.0,0,1.0,Uglavnom vedro
2019-04-28T03:00,8.7,86.0,1015.3,3.1,54.0,0.0,17.0,,0.0,0,0.0,Vedro
2019-04-28T04:00,8.9,85.0,1015.2,2.3,51.0,0.0,26.0,,0.0,0,1.0,Uglavnom vedro
2019-04-28T05:00,9.4,84.0,1014.8,1.6,63.0,0.0,51.0,,0.0,0,2.0,Djelomično oblačno
2019-04-28T06:00,9.2,85.0,1015.0,1.0,45.0,0.0,86.0,,0.0,1,3.0,Oblačno
2019-04-28T07:00,11.1,81.0,1014.9,3.3,49.0,0.0,98.0,,0.0,1,3.0,Oblačno
2019-04-28T08:00,13.9,80.0,1014.6,2.8,40.0,0.0,98.0,,0.0,1,3.0,Oblačno
2019-04-28T09:00,15.4,65.0,1014.6,1.1,288.0,0.0,100.0,,0.0,1,3.0,Oblačno
2019-04-28T10:00,15.2,68.0,1014.4,2.5,180.0,0.4,96.0,,0.0,1,51.0,Slaba rosulja
2019-04-28T11:00,15.8,70.0,1014.3,6.4,153.0,0.1,59.0,,0.0,1,51.0,Slaba rosulja
2019-04-28T12:00,16.4,68.0,1014.1,8.2,119.0,0.2,62.0,,0.0,1,51.0,Slaba rosulja
2019-04-28T13:00,16.5,65.0,1013.7,10.3,155.0,0.1,93.0,,0.0,1,51.0,Slaba rosulja
2019-04-28T14:00,16.7,65.0,1013.3,5.1,184.0,0.3,83.0,,0.0,1,51.0,Slaba rosulja
2019-04-28T15:00,16.0,72.0,1012.7,7.9,177.0,0.2,95.0,,0.0,1,51.0,Slaba rosulja
2019-04-28T16:00,14.7,78.0,1013.1,5.5,101.0,2.6,98.0,,0.0,1,63.0,Umjerena kiša
2019-04-28T17:00,14.0,88.0,1012.8,6.1,50.0,0.4,100.0,,0.0,1,51.0,Slaba rosulja
2019-04-28T18:00,13.4,89.0,1012.6,5.9,47.0,1.0,100.0,,0.0,1,55.0,Jaka rosulja
2019-04-28T19:00,13.0,90.0,1012.5,5.4,70.0,1.3,100.0,,0.0,1,61.0,Slaba kiša
2019-04-28T20:00,13.0,85.0,1012.6,7.1,60.0,1.6,100.0,,0.0,1,61.0,Slaba kiša
2019-04-28T21:00,12.7,83.0,1012.7,10.6,72.0,1.3,100.0,,0.0,0,61.0,Slaba kiša
2019-04-28T22:00,12.6,79.0,1012.7,13.7,76.0,1.4,100.0,,0.0,0,61.0,Slaba kiša
2019-04-28T23:00,12.1,81.0,1012.4,15.6,67.0,1.8,100.0,,0.0,0,61.0,Slaba kiša
2019-04-29T00:00,12.0,82.0,1012.2,14.0,64.0,0.7,100.0,,0.0,0,53.0,Umjerena rosulja
2019-04-29T01:00,11.4,86.0,1012.2,14.0,46.0,0.9,100.0,,0.0,0,53.0,Umjerena rosulja
2019-04-29T02:00,11.5,78.0,1012.6,21.2,58.0,1.5,99.0,,0.0,0,61.0,Slaba kiša
2019-04-29T03:00,10.8,82.0,1012.2,19.2,62.0,1.2,98.0,,0.0,0,55.0,Jaka rosulja
2019-04-29T04:00,10.1,82.0,1011.8,20.9,58.0,1.0,94.0,,0.0,0,55.0,Jaka rosulja
2019-04-29T05:00,9.5,83.0,1011.7,19.7,50.0,1.1,96.0,,0.0,0,55.0,Jaka rosulja
2019-04-29T06:00,9.3,84.0,1011.8,15.3,51.0,1.3,99.0,,0.0,1,61.0,Slaba kiša
2019-04-29T07:00,9.2,83.0,1012.2,13.7,55.0,1.0,91.0,,0.0,1,55.0,Jaka rosulja
2019-04-29T08:00,9.3,83.0,1012.6,13.9,53.0,0.9,99.0,,0.0,1,53.0,Umjerena rosulja
2019-04-29T09:00,10.7,79.0,1012.7,12.3,40.0,0.6,99.0,,0.0,1,53.0,Umjerena rosulja
2019-04-29T10:00,11.3,75.0,1012.6,11.0,38.0,0.1,100.0,,0.0,1,51.0,Slaba rosulja
2019-04-29T11:00,11.7,71.0,1012.5,9.4,47.0,0.0,100.0,,0.0,1,3.0,Oblačno
2019-04-29T12:00,12.4,68.0,1012.3,10.3,25.0,0.1,100.0,,0.0,1,51.0,Slaba rosulja
2019-04-29T13:00,12.7,66.0,1012.2,12.4,36.0,0.2,100.0,,0.0,1,51.0,Slaba rosulja
2019-04-29T14:00,12.3,71.0,1013.0,10.8,69.0,0.4,100.0,,0.0,1,51.0,Slaba rosulja
2019-04-29T15:00,12.2,73.0,1012.6,11.5,49.0,0.3,100.0,,0.0,1,51.0,Slaba rosulja
2019-04-29T16:00,12.1,76.0,1012.2,12.8,50.0,0.6,100.0,,0.0,1,53.0,Umjerena rosulja
2019-04-29T17:00,11.3,85.0,1012.4,11.2,40.0,0.7,100.0,,0.0,1,53.0,Umjerena rosulja
2019-04-29T18:00,11.0,88.0,1012.7,12.6,53.0,0.6,100.0,,0.0,1,53.0,Umjerena rosulja
2019-04-29T19:00,10.4,85.0,1012.3,11.3,53.0,0.3,100.0,,0.0,1,51.0,Slaba rosulja
2019-04-29T20:00,9.9,86.0,1012.8,6.4,47.0,0.3,100.0,,0.0,1,51.0,Slaba rosulja
2019-04-29T21:00,9.9,85.0,1013.2,7.1,45.0,0.4,100.0,,0.0,0,51.0,Slaba rosulja
2019-04-29T22:00,9.9,85.0,1013.1,6.7,36.0,0.3,99.0,,0.0,0,51.0,Slaba rosulja
2019-04-29T23:00,9.7,88.0,1013.3,4.2,20.0,0.1,96.0,,0.0,0,51.0,Slaba rosulja
2019-04-30T00:00,9.7,87.0,1013.6,4.5,14.0,0.1,100.0,,0.0,0,51.0,Slaba rosulja
2019-04-30T01:00,9.7,88.0,1013.2,4.9,17.0,0.1,100.0,,0.0,0,51.0,Slaba rosulja
2019-04-30T02:00,9.4,86.0,1012.7,5.6,15.0,0.1,100.0,,0.0,0,51.0,Slaba rosulja
2019-04-30T03:00,9.7,85.0,1012.5,4.8,13.0,0.0,100.0,,0.0,0,3.0,Oblačno
2019-04-30T04:00,9.4,87.0,1012.5,3.6,37.0,0.1,100.0,,0.0,0,51.0,Slaba rosulja
2019-04-30T05:00,9.5,88.0,1012.5,4.1,52.0,0.4,97.0,,0.0,0,51.0,Slaba rosulja
2019-04-30T06:00,9.4,89.0,1012.5,4.4,55.0,0.1,86.0,,0.0,1,51.0,Slaba rosulja
2019-04-30T07:00,10.0,88.0,1012.8,5.2,65.0,0.2,93.0,,0.0,1,51.0,Slaba rosulja
2019-04-30T08:00,11.2,85.0,1012.7,3.3,103.0,0.0,31.0,,0.0,1,1.0,Uglavnom vedro
2019-04-30T09:00,12.8,75.0,1012.6,1.9,248.0,0.0,1.0,,0.0,1,0.0,Vedro
2019-04-30T10:00,14.0,74.0,1012.5,3.4,252.0,0.0,26.0,,0.0,1,1.0,Uglavnom vedro
2019-04-30T11:00,14.8,73.0,1012.4,4.7,247.0,0.0,70.0,,0.0,1,2.0,Djelomično oblačno
2019-04-30T12:00,14.6,74.0,1012.3,6.5,267.0,0.8,97.0,,0.0,1,53.0,Umjerena rosulja
2019-04-30T13:00,15.2,71.0,1011.8,6.6,261.0,0.1,97.0,,0.0,1,51.0,Slaba rosulja
2019-04-30T14:00,13.1,75.0,1012.6,3.1,45.0,0.1,97.0,,0.0,1,51.0,Slaba rosulja
2019-04-30T15:00,15.1,66.0,1012.0,1.5,284.0,0.0,99.0,,0.0,1,3.0,Oblačno
2019-04-30T16:00,15.2,66.0,1011.6,2.1,239.0,0.0,98.0,,0.0,1,3.0,Oblačno
2019-04-30T17:00,15.4,66.0,1011.6,2.2,189.0,0.0,95.0,,0.0,1,3.0,Oblačno
2019-04-30T18:00,15.4,69.0,1011.6,2.5,315.0,0.0,97.0,,0.0,1,3.0,Oblačno
2019-04-30T19:00,14.3,77.0,1012.0,10.0,21.0,0.1,99.0,,0.0,1,51.0,Slaba rosulja
2019-04-30T20:00,13.5,75.0,1012.5,11.0,38.0,0.3,100.0,,0.0,1,51.0,Slaba rosulja
2019-04-30T21:00,12.7,76.0,1013.0,8.1,32.0,0.3,99.0,,0.0,0,51.0,Slaba rosulja
2019-04-30T22:00,11.6,85.0,1013.2,5.4,42.0,1.0,100.0,,0.0,0,55.0,Jaka rosulja
2019-04-30T23:00,11.7,86.0,1013.0,4.7,360.0,1.0,100.0,,0.0,0,55.0,Jaka rosulja
2019-05-01T00:00,11.7,86.0,1013.1,5.5,32.0,0.2,90.0,,0.0,0,51.0,Slaba rosulja
2019-05-01T01:00,11.0,86.0,1013.2,5.4,53.0,0.0,90.0,,0.0,0,3.0,Oblačno
2019-05-01T02:00,11.3,88.0,1013.1,3.3,41.0,0.1,90.0,,0.0,0,51.0,Slaba rosulja
2019-05-01T03:00,10.7,88.0,1012.8,4.1,45.0,0.0,63.0,,0.0,0,2.0,Djelomično oblačno
2019-05-01T04:00,10.6,85.0,1012.5,4.4,55.0,0.0,33.0,,0.0,0,1.0,Uglavnom vedro
2019-05-01T05:00,9.9,84.0,1012.4,4.5,61.0,0.0,7.0,,0.0,0,0.0,Vedro
2019-05-01T06:00,9.4,86.0,1012.6,6.3,59.0,0.0,50.0,,0.0,1,2.0,Djelomično oblačno
2019-05-01T07:00,10.7,87.0,1012.9,8.7,60.0,0.0,30.0,,0.0,1,1.0,Uglavnom vedro
2019-05-01T08:00,14.0,80.0,1013.3,7.1,66.0,0.0,2.0,,0.0,1,0.0,Vedro
2019-05-01T09:00,16.0,65.0,1013.4,4.6,45.0,0.0,0.0,,0.0,1,0.0,Vedro
2019-05-01T10:00,17.4,50.0,1013.4,5.4,8.0,0.0,0.0,,0.0,1,0.0,Vedro
2019-05-01T11:00,18.1,45.0,1013.4,3.7,331.0,0.0,32.0,,0.0,1,1.0,Uglavnom vedro
2019-05-01T12:00,18.2,48.0,1013.5,4.7,270.0,0.0,25.0,,0.0,1,1.0,Uglavnom vedro
2019-05-01T13:00,18.5,52.0,1013.1,7.1,255.0,0.0,40.0,,0.0,1,1.0,Uglavnom vedro
2019-05-01T14:00,18.1,48.0,1013.0,6.0,237.0,0.0,33.0,,0.0,1,1.0,Uglavnom vedro
2019-05-01T15:00,18.4,50.0,1012.8,11.2,255.0,0.0,21.0,,0.0,1,1.0,Uglavnom vedro
2019-05-01T16:00,17.6,54.0,1012.6,7.2,270.0,0.0,36.0,,0.0,1,1.0,Uglavnom vedro
2019-05-01T17:00,18.0,49.0,1012.1,5.8,270.0,0.0,37.0,,0.0,1,1.0,Uglavnom vedro
2019-05-01T18:00,17.5,53.0,1012.3,6.8,252.0,0.0,21.0,,0.0,1,1.0,Uglavnom vedro
2019-05-01T19:00,16.6,60.0,1012.5,3.1,201.0,0.0,21.0,,0.0,1,1.0,Uglavnom vedro
2019-05-01T20:00,14.1,77.0,1012.9,4.3,95.0,0.0,11.0,,0.0,1,0.0,Vedro
2019-05-01T21:00,13.4,78.0,1013.3,4.0,95.0,0.0,8.0,,0.0,0,0.0,Vedro
2019-05-01T22:00,12.8,79.0,1013.6,3.1,69.0,0.0,3.0,,0.0,0,0.0,Vedro
2019-05-01T23:00,12.6,77.0,1014.0,1.3,56.0,0.0,20.0,,0.0,0,1.0,Uglavnom vedro
2019-05-02T00:00,12.5,76.0,1014.3,2.1,59.0,0.0,1.0,,0.0,0,0.0,Vedro
2019-05-02T01:00,12.2,77.0,1014.1,2.6,56.0,0.0,0.0,,0.0,0,0.0,Vedro
2019-05-02T02:00,14.4,65.0,1014.0,2.3,39.0,0.0,0.0,,0.0,0,0.0,Vedro
2019-05-02T03:00,11.9,76.0,1013.6,2.6,56.0,0.0,1.0,,0.0,0,0.0,Vedro
2019-05-02T04:00,11.9,76.0,1013.3,2.1,59.0,0.0,3.0,,0.0,0,0.0,Vedro
2019-05-02T05:00,11.2,79.0,1013.3,1.3,56.0,0.0,0.0,,0.0,0,0.0,Vedro
2019-05-02T06:00,11.6,76.0,1013.3,1.6,63.0,0.0,1.0,,0.0,1,0.0,Vedro
2019-05-02T07:00,13.7,75.0,1013.4,1.1,72.0,0.0,1.0,,0.0,1,0.0,Vedro
2019-05-02T08:00,15.7,69.0,1013.7,0.8,243.0,0.0,0.0,,0.0,1,0.0,Vedro
2019-05-02T09:00,16.6,66.0,1014.0,4.8,228.0,0.0,2.0,,0.0,1,0.0,Vedro
2019-05-02T10:00,17.4,63.0,1014.1,7.6,225.0,0.0,2.0,,0.0,1,0.0,Vedro
2019-05-02T11:00,17.8,64.0,1014.1,9.9,224.0,0.0,0.0,,0.0,1,0.0,Vedro
2019-05-02T12:00,18.3,63.0,1014.2,11.5,212.0,0.0,7.0,,0.0,1,0.0,Vedro
2019-05-02T13:00,18.5,64.0,1013.7,13.0,208.0,0.0,20.0,,0.0,1,1.0,Uglavnom vedro
2019-05-02T14:00,18.2,65.0,1013.3,12.9,207.0,0.0,13.0,,0.0,1,0.0,Vedro
2019-05-02T15:00,18.1,66.0,1013.1,13.2,197.0,0.0,15.0,,0.0,1,0.0,Vedro
2019-05-02T16:00,17.9,65.0,1012.5,12.8,191.0,0.0,10.0,,0.0,1,0.0,Vedro
2019-05-02T17:00,17.5,65.0,1011.9,12.4,188.0,0.0,3.0,,0.0,1,0.0,Vedro
2019-05-02T18:00,16.7,67.0,1011.5,11.7,189.0,0.0,0.0,,0.0,1,0.0,Vedro
2019-05-02T19:00,15.7,74.0,1011.7,8.4,190.0,0.0,0.0,,0.0,1,0.0,Vedro
2019-05-02T20:00,13.9,81.0,1011.9,5.0,159.0,0.0,26.0,,0.0,1,1.0,Uglavnom vedro
2019-05-02T21:00,13.3,79.0,1012.3,5.1,141.0,0.0,90.0,,0.0,0,3.0,Oblačno
2019-05-02T22:00,13.1,80.0,1012.3,5.1,141.0,0.0,93.0,,0.0,0,3.0,Oblačno
2019-05-02T23:00,13.5,81.0,1012.0,5.7,145.0,0.0,98.0,,0.0,0,3.0,Oblačno
2019-05-03T00:00,14.1,77.0,1011.9,7.4,166.0,0.0,97.0,,0.0,0,3.0,Oblačno
2019-05-03T01:00,13.6,79.0,1011.7,7.4,157.0,0.0,91.0,,0.0,0,3.0,Oblačno
2019-05-03T02:00,13.6,84.0,1010.9,8.5,168.0,0.0,46.0,,0.0,0,1.0,Uglavnom vedro
2019-05-03T03:00,13.4,84.0,1010.8,10.4,166.0,0.0,59.0,,0.0,0,2.0,Djelomično oblačno
2019-05-03T04:00,12.7,89.0,1010.4,10.1,163.0,0.4,97.0,,0.0,0,51.0,Slaba rosulja
2019-05-03T05:00,13.0,92.0,1010.1,12.3,173.0,0.4,100.0,,0.0,0,51.0,Slaba rosulja
2019-05-03T06:00,13.5,92.0,1010.0,17.3,184.0,0.2,100.0,,0.0,1,51.0,Slaba rosulja
2019-05-03T07:00,13.5,93.0,1010.4,13.8,186.0,1.9,51.0,,0.0,1,61.0,Slaba kiša
2019-05-03T08:00,14.1,93.0,1010.9,13.2,191.0,2.9,84.0,,0.0,1,63.0,Umjerena kiša
2019-05-03T09:00,14.4,95.0,1011.5,13.7,198.0,0.4,95.0,,0.0,1,51.0,Slaba rosulja
2019-05-03T10:00,14.3,89.0,1011.7,12.5,192.0,5.6,90.0,,0.0,1,63.0,Umjerena kiša
2019-05-03T11:00,15.6,80.0,1011.3,12.9,198.0,1.2,85.0,,0.0,1,55.0,Jaka rosulja
2019-05-03T12:00,15.6,81.0,1011.5,11.6,187.0,4.6,79.0,,0.0,1,63.0,Umjerena kiša
2019-05-03T13:00,15.6,91.0,1011.3,12.9,193.0,0.6,82.0,,0.0,1,53.0,Umjerena rosulja
2019-05-03T14:00,14.5,87.0,1011.1,13.0,219.0,0.7,87.0,,0.0,1,53.0,Umjerena rosulja
2019-05-03T15:00,16.2,82.0,1011.1,9.7,222.0,0.2,98.0,,0.0,1,51.0,Slaba rosulja
2019-05-03T16:00,15.8,77.0,1010.2,9.7,228.0,0.1,97.0,,0.0,1,51.0,Slaba rosulja
2019-05-03T17:00,15.0,82.0,1010.2,5.8,202.0,0.1,96.0,,0.0,1,51.0,Slaba rosulja
2019-05-03T18:00,14.6,92.0,1010.0,6.1,177.0,0.2,90.0,,0.0,1,51.0,Slaba rosulja
2019-05-03T19:00,14.2,91.0,1010.0,7.2,186.0,0.2,94.0,,0.0,1,51.0,Slaba rosulja
2019-05-03T20:00,12.9,97.0,1010.1,3.4,162.0,0.8,98.0,,0.0,1,53.0,Umjerena rosulja
2019-05-03T21:00,13.1,95.0,1010.2,3.2,117.0,0.3,98.0,,0.0,0,51.0,Slaba rosulja
2019-05-03T22:00,13.1,96.0,1010.3,6.1,152.0,0.5,100.0,,0.0,0,53.0,Umjerena rosulja
2019-05-03T23:00,13.4,94.0,1010.1,8.3,146.0,1.1,100.0,,0.0,0,55.0,Jaka rosulja
2019-05-04T00:00,13.5,96.0,1010.0,8.2,151.0,1.4,99.0,,0.0,0,61.0,Slaba kiša
2019-05-04T01:00,13.4,94.0,1009.6,8.3,182.0,1.3,100.0,,0.0,0,61.0,Slaba kiša
2019-05-04T02:00,13.1,97.0,1009.5,7.1,139.0,1.4,100.0,,0.0,0,61.0,Slaba kiša
2019-05-04T03:00,13.3,97.0,1008.9,9.2,154.0,0.4,100.0,,0.0,0,51.0,Slaba rosulja
2019-05-04T04:00,13.1,96.0,1008.3,9.5,155.0,0.8,100.0,,0.0,0,53.0,Umjerena rosulja
2019-05-04T05:00,12.9,96.0,1007.7,9.4,148.0,0.6,100.0,,0.0,0,53.0,Umjerena rosulja
2019-05-04T06:00,12.9,95.0,1007.2,7.4,137.0,0.2,100.0,,0.0,1,51.0,Slaba rosulja
2019-05-04T07:00,13.2,93.0,1007.0,6.0,147.0,0.2,100.0,,0.0,1,51.0,Slaba rosulja
2019-05-04T08:00,13.5,94.0,1007.0,6.1,180.0,0.3,100.0,,0.0,1,51.0,Slaba rosulja
2019-05-04T09:00,13.7,89.0,1007.0,5.9,191.0,0.7,93.0,,0.0,1,53.0,Umjerena rosulja
2019-05-04T10:00,14.2,89.0,1006.6,7.6,199.0,0.9,71.0,,0.0,1,53.0,Umjerena rosulja
2019-05-04T11:00,15.0,92.0,1006.4,7.9,227.0,0.2,93.0,,0.0,1,51.0,Slaba rosulja
2019-05-04T12:00,14.5,86.0,1006.1,6.2,234.0,1.7,100.0,,0.0,1,61.0,Slaba kiša
2019-05-04T13:00,14.4,96.0,1005.6,5.0,249.0,1.1,100.0,,0.0,1,55.0,Jaka rosulja
2019-05-04T14:00,14.8,88.0,1005.2,8.8,168.0,1.6,100.0,,0.0,1,61.0,Slaba kiša
2019-05-04T15:00,14.9,91.0,1004.5,9.0,196.0,0.5,89.0,,0.0,1,53.0,Umjerena rosulja
2019-05-04T16:00,15.1,93.0,1003.8,6.4,196.0,0.3,84.0,,0.0,1,51.0,Slaba rosulja
2019-05-04T17:00,15.3,87.0,1003.4,6.9,189.0,0.1,77.0,,0.0,1,51.0,Slaba rosulja
2019-05-04T18:00,14.3,88.0,1003.1,7.3,200.0,0.7,75.0,,0.0,1,53.0,Umjerena rosulja
2019-05-04T19:00,13.8,91.0,1002.9,5.4,176.0,0.5,66.0,,0.0,1,53.0,Umjerena rosulja
2019-05-04T20:00,13.3,93.0,1002.7,2.8,130.0,0.1,61.0,,0.0,1,51.0,Slaba rosulja
2019-05-04T21:00,12.5,92.0,1002.8,4.3,138.0,0.1,60.0,,0.0,0,51.0,Slaba rosulja
2019-05-04T22:00,11.8,94.0,1002.8,3.3,96.0,0.1,67.0,,0.0,0,51.0,Slaba rosulja
2019-05-04T23:00,12.2,92.0,1002.4,2.9,60.0,0.1,71.0,,0.0,0,51.0,Slaba rosulja
2019-05-05T00:00,12.0,92.0,1001.7,2.3,51.0,0.1,65.0,,0.0,0,51.0,Slaba rosulja
2019-05-05T01:00,11.5,93.0,1001.2,3.1,36.0,0.0,49.0,,0.0,0,1.0,Uglavnom vedro
2019-05-05T02:00,12.4,90.0,999.8,3.3,41.0,0.0,37.0,,0.0,0,1.0,Uglavnom vedro
2019-05-05T03:00,11.7,91.0,999.2,3.5,24.0,0.0,44.0,,0.0,0,1.0,Uglavnom vedro
2019-05-05T04:00,11.4,91.0,999.4,5.5,32.0,0.0,59.0,,0.0,0,2.0,Djelomično oblačno
2019-05-05T05:00,11.4,89.0,999.5,6.6,45.0,0.0,82.0,,0.0,0,3.0,Oblačno
2019-05-05T06:00,11.7,88.0,1000.4,19.2,40.0,1.0,100.0,,0.0,1,55.0,Jaka rosulja
2019-05-05T07:00,10.0,86.0,1000.7,32.7,49.0,2.1,99.0,,0.0,1,61.0,Slaba kiša
2019-05-05T08:00,9.3,87.0,1001.0,36.7,47.0,1.8,100.0,,0.0,1,61.0,Slaba kiša
2019-05-05T09:00,8.6,87.0,1001.3,42.8,43.0,1.5,100.0,,0.0,1,61.0,Slaba kiša
2019-05-05T10:00,8.2,85.0,1001.6,43.1,43.0,1.0,100.0,,0.0,1,55.0,Jaka rosulja
2019-05-05T11:00,7.9,85.0,1002.0,44.3,44.0,2.5,99.0,,0.14,1,71.0,Slab snijeg
2019-05-05T12:00,7.6,84.0,1002.3,44.3,43.0,1.8,96.0,,0.35,1,73.0,Umjeren snijeg
2019-05-05T13:00,9.1,74.0,1002.3,43.3,44.0,0.5,98.0,,0.0,1,53.0,Umjerena rosulja
2019-05-05T14:00,10.5,69.0,1002.8,41.0,45.0,0.3,98.0,,0.0,1,51.0,Slaba rosulja
2019-05-05T15:00,9.7,72.0,1002.8,41.7,45.0,0.4,94.0,,0.0,1,51.0,Slaba rosulja
2019-05-05T16:00,9.1,77.0,1002.9,44.0,46.0,1.0,94.0,,0.0,1,55.0,Jaka rosulja
2019-05-05T17:00,8.6,78.0,1003.0,44.1,48.0,1.1,98.0,,0.0,1,55.0,Jaka rosulja
2019-05-05T18:00,8.2,77.0,1003.4,44.8,46.0,1.5,98.0,,0.0,1,61.0,Slaba kiša
2019-05-05T19:00,7.6,77.0,1003.6,46.1,47.0,1.2,100.0,,0.0,1,55.0,Jaka rosulja
2019-05-05T20:00,7.0,83.0,1004.2,42.8,46.0,0.9,100.0,,0.0,1,53.0,Umjerena rosulja
2019-05-05T21:00,6.9,84.0,1004.7,43.0,46.0,0.9,100.0,,0.0,0,53.0,Umjerena rosulja
2019-05-05T22:00,6.8,84.0,1005.1,44.5,45.0,1.1,100.0,,0.0,0,55.0,Jaka rosulja
2019-05-05T23:00,6.8,83.0,1005.2,46.2,48.0,0.9,99.0,,0.0,0,53.0,Umjerena rosulja
2019-05-06T00:00,6.7,79.0,1005.2,46.7,50.0,0.6,84.0,,0.0,0,53.0,Umjerena rosulja
2019-05-06T01:00,6.8,78.0,1005.6,43.3,48.0,0.5,95.0,,0.0,0,53.0,Umjerena rosulja
2019-05-06T02:00,7.1,80.0,1006.7,35.2,47.0,0.4,96.0,,0.0,0,51.0,Slaba rosulja
2019-05-06T03:00,7.1,78.0,1006.8,36.9,45.0,0.3,89.0,,0.0,0,51.0,Slaba rosulja
2019-05-06T04:00,6.9,78.0,1006.9,37.4,45.0,0.3,85.0,,0.0,0,51.0,Slaba rosulja
2019-05-06T05:00,6.9,78.0,1007.1,38.2,46.0,0.2,96.0,,0.0,0,51.0,Slaba rosulja
2019-05-06T06:00,6.9,76.0,1007.6,39.0,46.0,0.1,99.0,,0.0,1,51.0,Slaba rosulja
2019-05-06T07:00,7.2,73.0,1008.0,39.5,47.0,0.1,93.0,,0.0,1,51.0,Slaba rosulja
2019-05-06T08:00,7.7,70.0,1008.5,41.3,48.0,0.1,74.0,,0.0,1,51.0,Slaba rosulja
2019-05-06T09:00,8.5,63.0,1008.8,43.0,46.0,0.1,91.0,,0.0,1,51.0,Slaba rosulja
2019-05-06T10:00,9.1,61.0,1009.2,42.3,46.0,0.1,100.0,,0.0,1,51.0,Slaba rosulja
2019-05-06T11:00,9.6,60.0,1009.7,40.5,45.0,0.1,75.0,,0.0,1,51.0,Slaba rosulja
2019-05-06T12:00,10.4,57.0,1010.1,33.9,45.0,0.0,79.0,,0.0,1,2.0,Djelomično oblačno
2019-05-06T13:00,10.1,63.0,1011.4,21.6,37.0,0.0,99.0,,0.0,1,3.0,Oblačno
2019-05-06T14:00,9.3,73.0,1012.7,16.4,50.0,0.0,90.0,,0.0,1,3.0,Oblačno
2019-05-06T15:00,9.5,69.0,1012.8,19.4,43.0,0.1,100.0,,0.0,1,51.0,Slaba rosulja
2019-05-06T16:00,9.4,70.0,1013.3,17.3,45.0,0.1,100.0,,0.0,1,51.0,Slaba rosulja
2019-05-06T17:00,9.3,72.0,1013.8,14.3,41.0,0.1,100.0,,0.0,1,51.0,Slaba rosulja
2019-05-06T18:00,9.1,74.0,1014.2,13.1,53.0,0.0,94.0,,0.0,1,3.0,Oblačno
2019-05-06T19:00,9.1,73.0,1014.7,11.8,40.0,0.0,98.0,,0.0,1,3.0,Oblačno
2019-05-06T20:00,8.3,74.0,1015.8,13.8,41.0,0.0,98.0,,0.0,1,3.0,Oblačno
2019-05-06T21:00,7.7,78.0,1016.8,15.5,44.0,0.0,100.0,,0.0,0,3.0,Oblačno
2019-05-06T22:00,7.3,78.0,1017.5,15.0,42.0,0.0,84.0,,0.0,0,3.0,Oblačno
2019-05-06T23:00,7.0,77.0,1017.6,10.9,34.0,0.0,76.0,,0.0,0,2.0,Djelomično oblačno
2019-05-07T00:00,6.9,75.0,1018.1,8.5,36.0,0.0,13.0,,0.0,0,0.0,Vedro
2019-05-07T01:00,6.1,77.0,1018.3,7.4,39.0,0.0,1.0,,0.0,0,0.0,Vedro
2019-05-07T02:00,6.7,74.0,1018.2,9.7,39.0,0.0,0.0,,0.0,0,0.0,Vedro
2019-05-07T03:00,6.0,78.0,1018.8,7.4,47.0,0.0,6.0,,0.0,0,0.0,Vedro
2019-05-07T04:00,5.4,82.0,1019.0,7.0,55.0,0.0,20.0,,0.0,0,1.0,Uglavnom vedro
2019-05-07T05:00,5.2,83.0,1019.2,7.8,56.0,0.0,49.0,,0.0,0,1.0,Uglavnom vedro
2019-05-07T06:00,5.5,80.0,1019.4,9.0,53.0,0.0,22.0,,0.0,1,1.0,Uglavnom vedro
2019-05-07T07:00,6.9,76.0,1019.7,9.8,54.0,0.0,32.0,,0.0,1,1.0,Uglavnom vedro
2019-05-07T08:00,9.8,63.0,1020.0,6.6,49.0,0.0,44.0,,0.0,1,1.0,Uglavnom vedro
2019-05-07T09:00,11.5,54.0,1020.1,6.9,43.0,0.0,25.0,,0.0,1,1.0,Uglavnom vedro
2019-05-07T10:00,12.6,49.0,1019.9,5.4,48.0,0.0,14.0,,0.0,1,0.0,Vedro
2019-05-07T11:00,13.6,46.0,1019.8,1.8,307.0,0.0,59.0,,0.0,1,2.0,Djelomično oblačno
2019-05-07T12:00,14.0,50.0,1019.6,7.3,237.0,0.0,87.0,,0.0,1,3.0,Oblačno
2019-05-07T13:00,13.1,62.0,1020.0,12.1,233.0,0.0,89.0,,0.0,1,3.0,Oblačno
2019-05-07T14:00,13.0,56.0,1019.1,8.4,205.0,0.0,89.0,,0.0,1,3.0,Oblačno
2019-05-07T15:00,13.4,56.0,1018.8,6.1,230.0,0.0,79.0,,0.0,1,2.0,Djelomično oblačno
2019-05-07T16:00,13.6,56.0,1018.7,4.5,241.0,0.0,60.0,,0.0,1,2.0,Djelomično oblačno
2019-05-07T17:00,14.2,56.0,1018.0,6.6,225.0,0.0,78.0,,0.0,1,2.0,Djelomično oblačno
2019-05-07T18:00,13.8,61.0,1018.0,8.2,203.0,0.0,98.0,,0.0,1,3.0,Oblačno
2019-05-07T19:00,12.9,69.0,1018.0,6.8,162.0,0.0,99.0,,0.0,1,3.0,Oblačno
2019-05-07T20:00,11.8,72.0,1018.2,7.6,109.0,0.0,64.0,,0.0,1,2.0,Djelomično oblačno
2019-05-07T21:00,10.3,72.0,1018.4,7.6,85.0,0.0,10.0,,0.0,0,0.0,Vedro
2019-05-07T22:00,9.4,74.0,1018.6,5.4,70.0,0.0,5.0,,0.0,0,0.0,Vedro
2019-05-07T23:00,9.3,73.0,1018.7,2.9,60.0,0.0,2.0,,0.0,0,0.0,Vedro
2019-05-08T00:00,9.1,74.0,1019.0,1.8,53.0,0.0,31.0,,0.0,0,1.0,Uglavnom vedro
2019-05-08T01:00,9.0,75.0,1018.9,1.3,56.0,0.0,20.0,,0.0,0,1.0,Uglavnom vedro
2019-05-08T02:00,9.1,73.0,1018.6,2.4,63.0,0.0,30.0,,0.0,0,1.0,Uglavnom vedro
2019-05-08T03:00,9.2,78.0,1018.5,2.9,83.0,0.0,65.0,,0.0,0,2.0,Djelomično oblačno
2019-05-08T04:00,9.0,79.0,1018.1,2.9,83.0,0.0,46.0,,0.0,0,1.0,Uglavnom vedro
2019-05-08T05:00,9.1,80.0,1017.9,1.5,76.0,0.0,66.0,,0.0,0,2.0,Djelomično oblačno
2019-05-08T06:00,9.8,79.0,1017.7,2.2,99.0,0.0,48.0,,0.0,1,1.0,Uglavnom vedro
2019-05-08T07:00,10.9,77.0,1017.2,4.9,107.0,0.0,98.0,,0.0,1,3.0,Oblačno
2019-05-08T08:00,12.7,68.0,1017.3,4.6,162.0,0.0,90.0,,0.0,1,3.0,Oblačno
2019-05-08T09:00,13.7,62.0,1017.5,6.0,197.0,0.0,94.0,,0.0,1,3.0,Oblačno
2019-05-08T10:00,14.6,59.0,1016.9,9.5,209.0,0.0,37.0,,0.0,1,1.0,Uglavnom vedro
2019-05-08T11:00,15.3,58.0,1017.0,11.8,218.0,0.0,32.0,,0.0,1,1.0,Uglavnom vedro
2019-05-08T12:00,15.4,59.0,1017.2,12.9,210.0,0.0,32.0,,0.0,1,1.0,Uglavnom vedro
2019-05-08T13:00,15.8,63.0,1016.6,15.1,198.0,0.0,64.0,,0.0,1,2.0,Djelomično oblačno
2019-05-08T14:00,15.7,61.0,1016.2,13.1,212.0,0.2,100.0,,0.0,1,51.0,Slaba rosulja
2019-05-08T15:00,14.9,72.0,1015.9,14.6,190.0,0.0,100.0,,0.0,1,3.0,Oblačno
2019-05-08T16:00,14.8,75.0,1014.9,16.6,193.0,0.4,96.0,,0.0,1,51.0,Slaba rosulja
2019-05-08T17:00,14.3,79.0,1014.4,18.2,205.0,0.3,99.0,,0.0,1,51.0,Slaba rosulja
2019-05-08T18:00,13.9,79.0,1014.2,16.5,212.0,0.0,100.0,,0.0,1,3.0,Oblačno
2019-05-08T19:00,13.1,89.0,1013.3,11.5,219.0,0.0,100.0,,0.0,1,3.0,Oblačno
2019-05-08T20:00,12.8,92.0,1013.0,8.5,208.0,0.0,100.0,,0.0,1,3.0,Oblačno
2019-05-08T21:00,12.5,95.0,1013.2,13.6,197.0,0.8,100.0,,0.0,0,53.0,Umjerena rosulja
2019-05-08T22:00,12.0,94.0,1013.5,13.6,192.0,1.7,100.0,,0.0,0,61.0,Slaba kiša
2019-05-08T23:00,12.0,95.0,1012.7,15.2,187.0,2.0,100.0,,0.0,0,61.0,Slaba kiša
2019-05-09T00:00,11.9,93.0,1012.2,17.4,193.0,1.2,100.0,,0.0,0,55.0,Jaka rosulja
2019-05-09T01:00,12.0,96.0,1011.4,14.8,184.0,1.0,100.0,,0.0,0,55.0,Jaka rosulja
2019-05-09T02:00,11.9,95.0,1010.3,14.0,203.0,2.1,100.0,,0.0,0,61.0,Slaba kiša
2019-05-09T03:00,12.2,94.0,1009.4,17.6,195.0,2.3,100.0,,0.0,0,61.0,Slaba kiša
2019-05-09T04:00,12.3,93.0,1008.9,18.1,193.0,1.7,100.0,,0.0,0,61.0,Slaba kiša
2019-05-09T05:00,12.1,95.0,1008.3,17.7,184.0,1.8,100.0,,0.0,0,61.0,Slaba kiša
2019-05-09T06:00,11.7,94.0,1008.0,13.0,180.0,1.1,100.0,,0.0,1,55.0,Jaka rosulja
2019-05-09T07:00,11.8,91.0,1007.4,11.3,173.0,0.9,100.0,,0.0,1,53.0,Umjerena rosulja
2019-05-09T08:00,12.3,91.0,1007.1,15.9,175.0,1.5,100.0,,0.0,1,61.0,Slaba kiša
2019-05-09T09:00,12.5,95.0,1006.2,17.1,173.0,2.1,100.0,,0.0,1,61.0,Slaba kiša
2019-05-09T10:00,13.0,95.0,1005.9,20.2,169.0,2.0,100.0,,0.0,1,61.0,Slaba kiša
2019-05-09T11:00,13.1,92.0,1006.0,21.6,181.0,3.1,100.0,,0.0,1,63.0,Umjerena kiša
2019-05-09T12:00,12.9,96.0,1006.1,24.6,191.0,5.8,100.0,,0.0,1,63.0,Umjerena kiša
2019-05-09T13:00,12.8,94.0,1005.9,22.1,192.0,4.4,100.0,,0.0,1,63.0,Umjerena kiša
2019-05-09T14:00,12.8,97.0,1005.1,19.7,195.0,2.2,100.0,,0.0,1,61.0,Slaba kiša
2019-05-09T15:00,12.9,94.0,1004.9,15.3,195.0,3.8,100.0,,0.0,1,63.0,Umjerena kiša
2019-05-09T16:00,13.0,93.0,1005.0,2.9,173.0,1.1,83.0,,0.0,1,55.0,Jaka rosulja
2019-05-09T17:00,14.6,86.0,1005.1,1.8,323.0,0.0,20.0,,0.0,1,1.0,Uglavnom vedro
2019-05-09T18:00,15.3,81.0,1005.4,3.3,311.0,0.0,36.0,,0.0,1,1.0,Uglavnom vedro
2019-05-09T19:00,14.5,81.0,1006.1,5.4,37.0,0.0,34.0,,0.0,1,1.0,Uglavnom vedro
2019-05-09T20:00,12.8,83.0,1006.6,5.9,43.0,0.0,26.0,,0.0,1,1.0,Uglavnom vedro
2019-05-09T21:00,11.2,88.0,1007.2,6.4,52.0,0.0,8.0,,0.0,0,0.0,Vedro
2019-05-09T22:00,9.5,93.0,1007.7,7.4,51.0,0.0,16.0,,0.0,0,0.0,Vedro
2019-05-09T23:00,8.5,94.0,1008.2,4.1,52.0,0.0,0.0,,0.0,0,0.0,Vedro
2019-05-10T00:00,9.8,87.0,1008.6,1.8,53.0,0.0,0.0,,0.0,0,0.0,Vedro
2019-05-10T01:00,8.8,89.0,1009.1,2.1,59.0,0.0,5.0,,0.0,0,0.0,Vedro
2019-05-10T02:00,9.6,85.0,1009.8,3.4,58.0,0.0,81.0,,0.0,0,3.0,Oblačno
2019-05-10T03:00,8.9,88.0,1009.7,1.9,68.0,0.0,54.0,,0.0,0,2.0,Djelomično oblačno
2019-05-10T04:00,9.1,85.0,1009.8,3.2,63.0,0.0,88.0,,0.0,0,3.0,Oblačno
2019-05-10T05:00,12.2,73.0,1010.2,1.3,56.0,0.0,88.0,,0.0,0,3.0,Oblačno
2019-05-10T06:00,10.6,82.0,1010.8,4.1,38.0,0.0,53.0,,0.0,1,2.0,Djelomično oblačno
2019-05-10T07:00,12.2,84.0,1010.5,4.5,61.0,0.0,30.0,,0.0,1,1.0,Uglavnom vedro
2019-05-10T08:00,14.2,78.0,1011.1,0.4,360.0,0.0,46.0,,0.0,1,1.0,Uglavnom vedro
2019-05-10T09:00,15.5,70.0,1011.2,1.1,270.0,0.0,66.0,,0.0,1,2.0,Djelomično oblačno
2019-05-10T10:00,16.5,68.0,1011.3,5.6,225.0,0.0,69.0,,0.0,1,2.0,Djelomično oblačno
2019-05-10T11:00,17.0,69.0,1011.4,7.4,231.0,0.0,65.0,,0.0,1,2.0,Djelomično oblačno
2019-05-10T12:00,17.3,70.0,1011.8,8.2,232.0,0.0,12.0,,0.0,1,0.0,Vedro
2019-05-10T13:00,17.7,70.0,1011.8,7.9,227.0,0.0,38.0,,0.0,1,1.0,Uglavnom vedro
2019-05-10T14:00,18.2,66.0,1011.6,8.2,241.0,0.0,51.0,,0.0,1,2.0,Djelomično oblačno
2019-05-10T15:00,18.2,69.0,1012.0,8.7,253.0,0.0,59.0,,0.0,1,2.0,Djelomično oblačno
2019-05-10T16:00,18.0,68.0,1012.1,6.2,249.0,0.0,32.0,,0.0,1,1.0,Uglavnom vedro
2019-05-10T17:00,17.6,71.0,1012.5,7.3,250.0,0.0,38.0,,0.0,1,1.0,Uglavnom vedro
2019-05-10T18:00,16.9,72.0,1012.8,3.3,264.0,0.0,31.0,,0.0,1,1.0,Uglavnom vedro
2019-05-10T19:00,16.6,75.0,1012.6,1.1,180.0,0.0,26.0,,0.0,1,1.0,Uglavnom vedro
2019-05-10T20:00,15.9,77.0,1013.1,2.1,121.0,0.0,3.0,,0.0,1,0.0,Vedro
2019-05-10T21:00,13.6,85.0,1013.5,1.9,68.0,0.0,2.0,,0.0,0,0.0,Vedro
2019-05-10T22:00,13.1,84.0,1013.9,1.9,68.0,0.0,1.0,,0.0,0,0.0,Vedro
2019-05-10T23:00,12.4,84.0,1014.5,1.6,63.0,0.0,1.0,,0.0,0,0.0,Vedro
2019-05-11T00:00,12.4,83.0,1014.9,2.1,59.0,0.0,13.0,,0.0,0,0.0,Vedro
2019-05-11T01:00,12.5,81.0,1015.0,1.8,53.0,0.0,2.0,,0.0,0,0.0,Vedro
2019-05-11T02:00,11.8,84.0,1015.0,4.9,73.0,0.0,2.0,,0.0,0,0.0,Vedro
2019-05-11T03:00,13.3,77.0,1015.0,0.8,63.0,0.0,22.0,,0.0,0,1.0,Uglavnom vedro
2019-05-11T04:00,12.1,83.0,1015.1,2.1,59.0,0.0,25.0,,0.0,0,1.0,Uglavnom vedro
2019-05-11T05:00,11.9,83.0,1015.0,3.4,58.0,0.0,15.0,,0.0,0,0.0,Vedro
2019-05-11T06:00,12.0,82.0,1015.0,2.4,63.0,0.0,29.0,,0.0,1,1.0,Uglavnom vedro
2019-05-11T07:00,14.7,76.0,1015.1,1.1,72.0,0.0,10.0,,0.0,1,0.0,Vedro
2019-05-11T08:00,16.3,71.0,1015.3,0.7,180.0,0.0,18.0,,0.0,1,0.0,Vedro
2019-05-11T09:00,17.1,71.0,1015.3,4.0,207.0,0.0,30.0,,0.0,1,1.0,Uglavnom vedro
2019-05-11T10:00,17.9,71.0,1015.1,6.7,216.0,0.0,83.0,,0.0,1,3.0,Oblačno
2019-05-11T11:00,18.6,70.0,1014.8,8.2,218.0,0.0,89.0,,0.0,1,3.0,Oblačno
2019-05-11T12:00,19.1,69.0,1014.6,11.8,218.0,0.0,80.0,,0.0,1,3.0,Oblačno
2019-05-11T13:00,19.3,68.0,1014.6,13.9,211.0,0.0,90.0,,0.0,1,3.0,Oblačno
2019-05-11T14:00,18.7,69.0,1014.3,10.2,212.0,0.0,99.0,,0.0,1,3.0,Oblačno
2019-05-11T15:00,19.0,70.0,1013.7,11.9,205.0,0.1,97.0,,0.0,1,51.0,Slaba rosulja
2019-05-11T16:00,18.4,71.0,1013.5,12.7,187.0,0.0,94.0,,0.0,1,3.0,Oblačno
2019-05-11T17:00,18.0,73.0,1013.3,11.5,182.0,0.0,98.0,,0.0,1,3.0,Oblačno
2019-05-11T18:00,17.1,75.0,1013.3,9.0,178.0,0.1,98.0,,0.0,1,51.0,Slaba rosulja
2019-05-11T19:00,16.6,78.0,1012.8,5.1,141.0,0.0,83.0,,0.0,1,3.0,Oblačno
2019-05-11T20:00,15.9,78.0,1013.1,5.2,168.0,0.0,100.0,,0.0,1,3.0,Oblačno
2019-05-11T21:00,15.3,82.0,1013.6,6.5,177.0,0.3,98.0,,0.0,0,51.0,Slaba rosulja
2019-05-11T22:00,14.5,90.0,1013.6,4.0,180.0,0.2,100.0,,0.0,0,51.0,Slaba rosulja
2019-05-11T23:00,14.4,88.0,1013.3,3.3,167.0,0.1,95.0,,0.0,0,51.0,Slaba rosulja
2019-05-12T00:00,13.4,90.0,1012.7,4.1,75.0,0.1,100.0,,0.0,0,51.0,Slaba rosulja
2019-05-12T01:00,14.3,79.0,1012.7,1.8,53.0,0.0,100.0,,0.0,0,3.0,Oblačno
2019-05-12T02:00,15.2,74.0,1011.7,1.5,45.0,0.0,100.0,,0.0,0,3.0,Oblačno
2019-05-12T03:00,16.6,61.0,1011.8,2.3,252.0,0.0,100.0,,0.0,0,3.0,Oblačno
2019-05-12T04:00,15.1,71.0,1011.8,3.1,69.0,0.0,100.0,,0.0,0,3.0,Oblačno
2019-05-12T05:00,14.6,78.0,1011.7,4.3,48.0,0.0,98.0,,0.0,0,3.0,Oblačno
2019-05-12T06:00,14.4,82.0,1011.7,14.1,40.0,0.0,100.0,,0.0,1,3.0,Oblačno
2019-05-12T07:00,13.9,79.0,1011.9,22.9,46.0,0.3,95.0,,0.0,1,51.0,Slaba rosulja
2019-05-12T08:00,13.7,80.0,1011.4,29.0,46.0,0.3,98.0,,0.0,1,51.0,Slaba rosulja
2019-05-12T09:00,13.5,80.0,1011.3,28.5,47.0,0.2,99.0,,0.0,1,51.0,Slaba rosulja
2019-05-12T10:00,13.6,80.0,1011.1,28.3,47.0,0.4,99.0,,0.0,1,51.0,Slaba rosulja
2019-05-12T11:00,13.9,80.0,1010.9,30.1,48.0,0.6,100.0,,0.0,1,53.0,Umjerena rosulja
2019-05-12T12:00,13.7,81.0,1011.1,30.9,49.0,0.4,99.0,,0.0,1,51.0,Slaba rosulja
2019-05-12T13:00,14.0,79.0,1011.4,35.4,46.0,1.6,100.0,,0.0,1,61.0,Slaba kiša
2019-05-12T14:00,13.4,84.0,1011.8,36.9,44.0,1.5,100.0,,0.0,1,61.0,Slaba kiša
2019-05-12T15:00,14.4,82.0,1011.4,38.2,42.0,0.4,100.0,,0.0,1,51.0,Slaba rosulja
2019-05-12T16:00,14.7,80.0,1010.9,40.8,41.0,0.6,100.0,,0.0,1,53.0,Umjerena rosulja
2019-05-12T17:00,13.6,86.0,1010.8,41.0,39.0,1.0,100.0,,0.0,1,55.0,Jaka rosulja
2019-05-12T18:00,13.3,84.0,1010.5,42.6,41.0,0.9,100.0,,0.0,1,53.0,Umjerena rosulja
2019-05-12T19:00,12.9,83.0,1010.4,41.8,43.0,0.7,100.0,,0.0,1,53.0,Umjerena rosulja
2019-05-12T20:00,12.3,83.0,1010.4,41.2,44.0,1.9,100.0,,0.0,1,61.0,Slaba kiša
2019-05-12T21:00,11.8,83.0,1011.3,38.7,44.0,2.3,100.0,,0.0,0,61.0,Slaba kiša
2019-05-12T22:00,11.3,84.0,1012.1,37.2,45.0,2.1,100.0,,0.0,0,61.0,Slaba kiša
2019-05-12T23:00,11.0,84.0,1012.6,41.7,45.0,2.1,100.0,,0.0,0,61.0,Slaba kiša
2019-05-13T00:00,10.9,85.0,1013.0,42.0,43.0,2.0,100.0,,0.0,0,61.0,Slaba kiša
2019-05-13T01:00,10.7,85.0,1013.2,46.1,44.0,2.0,100.0,,0.0,0,61.0,Slaba kiša
2019-05-13T02:00,10.8,81.0,1014.0,49.2,43.0,3.6,100.0,,0.0,0,63.0,Umjerena kiša
2019-05-13T03:00,10.6,83.0,1013.2,51.0,41.0,1.8,100.0,,0.0,0,61.0,Slaba kiša
2019-05-13T04:00,10.3,83.0,1012.7,52.1,41.0,3.3,100.0,,0.0,0,63.0,Umjerena kiša
2019-05-13T05:00,10.5,78.0,1012.5,52.2,45.0,1.1,100.0,,0.0,0,55.0,Jaka rosulja
2019-05-13T06:00,10.1,82.0,1012.8,54.5,44.0,1.0,100.0,,0.0,1,55.0,Jaka rosulja
2019-05-13T07:00,10.2,79.0,1013.5,52.5,42.0,2.6,100.0,,0.0,1,63.0,Umjerena kiša
2019-05-13T08:00,9.9,84.0,1014.0,49.4,42.0,3.0,100.0,,0.0,1,63.0,Umjerena kiša
2019-05-13T09:00,10.0,84.0,1014.8,45.7,40.0,3.6,100.0,,0.0,1,63.0,Umjerena kiša
2019-05-13T10:00,10.2,85.0,1015.5,39.0,42.0,2.0,100.0,,0.0,1,61.0,Slaba kiša
2019-05-13T11:00,10.5,85.0,1017.1,34.1,45.0,1.0,100.0,,0.0,1,55.0,Jaka rosulja
2019-05-13T12:00,10.8,85.0,1017.5,33.6,43.0,1.3,100.0,,0.0,1,61.0,Slaba kiša
2019-05-13T13:00,11.4,85.0,1017.6,39.3,41.0,1.4,100.0,,0.0,1,61.0,Slaba kiša
2019-05-13T14:00,11.4,82.0,1018.3,40.5,42.0,1.4,100.0,,0.0,1,61.0,Slaba kiša
2019-05-13T15:00,11.2,84.0,1018.2,41.6,40.0,1.4,99.0,,0.0,1,61.0,Slaba kiša
2019-05-13T16:00,10.9,84.0,1018.0,41.0,39.0,1.3,100.0,,0.0,1,61.0,Slaba kiša
2019-05-13T17:00,11.4,84.0,1018.2,40.6,37.0,1.1,100.0,,0.0,1,55.0,Jaka rosulja
2019-05-13T18:00,11.9,78.0,1018.3,39.1,37.0,0.7,100.0,,0.0,1,53.0,Umjerena rosulja
2019-05-13T19:00,11.5,77.0,1018.5,38.3,37.0,0.3,100.0,,0.0,1,51.0,Slaba rosulja
2019-05-13T20:00,11.2,75.0,1018.3,40.7,36.0,0.3,99.0,,0.0,1,51.0,Slaba rosulja
2019-05-13T21:00,11.0,74.0,1017.6,47.4,41.0,0.2,99.0,,0.0,0,51.0,Slaba rosulja
2019-05-13T22:00,10.9,71.0,1017.0,50.4,46.0,0.4,100.0,,0.0,0,51.0,Slaba rosulja
2019-05-13T23:00,10.8,71.0,1017.0,50.1,45.0,0.4,100.0,,0.0,0,51.0,Slaba rosulja
2019-05-14T00:00,10.3,74.0,1016.8,52.4,46.0,0.7,100.0,,0.0,0,53.0,Umjerena rosulja
2019-05-14T01:00,9.3,83.0,1017.6,49.7,48.0,1.2,100.0,,0.0,0,55.0,Jaka rosulja
2019-05-14T02:00,10.2,78.0,1017.8,52.4,46.0,1.4,99.0,,0.0,0,61.0,Slaba kiša
2019-05-14T03:00,10.0,77.0,1016.8,57.4,48.0,0.9,95.0,,0.0,0,53.0,Umjerena rosulja
2019-05-14T04:00,9.6,75.0,1016.7,52.3,49.0,0.3,72.0,,0.0,0,51.0,Slaba rosulja
2019-05-14T05:00,9.5,72.0,1017.1,45.8,50.0,0.1,77.0,,0.0,0,51.0,Slaba rosulja
2019-05-14T06:00,9.5,66.0,1016.4,51.3,52.0,0.1,41.0,,0.0,1,51.0,Slaba rosulja
2019-05-14T07:00,9.8,61.0,1016.8,52.6,52.0,0.0,73.0,,0.0,1,2.0,Djelomično oblačno
2019-05-14T08:00,10.2,57.0,1016.9,53.5,51.0,0.0,86.0,,0.0,1,3.0,Oblačno
2019-05-14T09:00,10.4,54.0,1017.2,55.7,50.0,0.0,98.0,,0.0,1,3.0,Oblačno
2019-05-14T10:00,10.3,54.0,1017.3,53.8,49.0,0.0,100.0,,0.0,1,3.0,Oblačno
2019-05-14T11:00,10.2,54.0,1017.4,52.3,49.0,0.0,100.0,,0.0,1,3.0,Oblačno
2019-05-14T12:00,9.9,56.0,1017.5,48.5,49.0,0.1,100.0,,0.0,1,51.0,Slaba rosulja
2019-05-14T13:00,10.0,56.0,1017.7,45.9,48.0,0.1,100.0,,0.0,1,51.0,Slaba rosulja
2019-05-14T14:00,9.0,57.0,1018.9,40.5,48.0,0.1,99.0,,0.0,1,51.0,Slaba rosulja
2019-05-14T15:00,8.9,59.0,1018.6,37.6,51.0,0.2,100.0,,0.0,1,51.0,Slaba rosulja
2019-05-14T16:00,8.6,66.0,1018.2,36.0,55.0,0.4,100.0,,0.0,1,51.0,Slaba rosulja
2019-05-14T17:00,8.2,71.0,1017.7,35.1,58.0,0.6,100.0,,0.0,1,53.0,Umjerena rosulja
2019-05-14T18:00,8.0,74.0,1017.6,36.1,57.0,0.7,100.0,,0.0,1,53.0,Umjerena rosulja
2019-05-14T19:00,7.9,76.0,1017.2,35.4,55.0,0.5,98.0,,0.0,1,53.0,Umjerena rosulja
2019-05-14T20:00,7.8,75.0,1016.7,36.7,53.0,0.2,98.0,,0.0,1,51.0,Slaba rosulja
2019-05-14T21:00,7.9,74.0,1016.6,36.6,54.0,0.1,98.0,,0.0,0,51.0,Slaba rosulja
2019-05-14T22:00,7.9,76.0,1016.3,34.4,53.0,0.2,99.0,,0.0,0,51.0,Slaba rosulja
2019-05-14T23:00,7.7,79.0,1016.0,29.7,52.0,0.6,99.0,,0.0,0,53.0,Umjerena rosulja
2019-05-15T00:00,7.4,80.0,1015.6,22.2,54.0,0.5,99.0,,0.0,0,53.0,Umjerena rosulja
2019-05-15T01:00,7.3,81.0,1015.5,17.1,51.0,0.3,99.0,,0.0,0,51.0,Slaba rosulja
2019-05-15T02:00,7.5,80.0,1014.8,18.2,52.0,0.1,97.0,,0.0,0,51.0,Slaba rosulja
2019-05-15T03:00,7.6,80.0,1014.0,20.2,51.0,0.1,94.0,,0.0,0,51.0,Slaba rosulja
2019-05-15T04:00,7.6,80.0,1013.3,18.7,52.0,0.1,95.0,,0.0,0,51.0,Slaba rosulja
2019-05-15T05:00,7.6,81.0,1013.1,17.2,53.0,0.1,100.0,,0.0,0,51.0,Slaba rosulja
2019-05-15T06:00,7.9,80.0,1013.5,17.1,49.0,0.0,100.0,,0.0,1,3.0,Oblačno
2019-05-15T07:00,8.3,81.0,1013.3,17.8,48.0,0.0,100.0,,0.0,1,3.0,Oblačno
2019-05-15T08:00,8.9,80.0,1013.4,15.3,51.0,0.0,81.0,,0.0,1,3.0,Oblačno
2019-05-15T09:00,9.7,76.0,1013.5,16.6,48.0,0.1,100.0,,0.0,1,51.0,Slaba rosulja
2019-05-15T10:00,10.2,74.0,1013.4,18.6,49.0,0.2,100.0,,0.0,1,51.0,Slaba rosulja
2019-05-15T11:00,10.4,74.0,1013.7,17.1,49.0,0.2,100.0,,0.0,1,51.0,Slaba rosulja
2019-05-15T12:00,11.2,71.0,1014.0,17.8,48.0,0.1,99.0,,0.0,1,51.0,Slaba rosulja
2019-05-15T13:00,11.4,72.0,1014.1,18.4,50.0,0.1,100.0,,0.0,1,51.0,Slaba rosulja
2019-05-15T14:00,13.0,67.0,1013.6,21.8,52.0,0.0,96.0,,0.0,1,3.0,Oblačno
2019-05-15T15:00,13.4,66.0,1013.2,25.3,50.0,0.0,100.0,,0.0,1,3.0,Oblačno
2019-05-15T16:00,12.3,69.0,1013.5,22.5,51.0,0.0,100.0,,0.0,1,3.0,Oblačno
2019-05-15T17:00,11.5,72.0,1013.9,18.0,53.0,0.0,100.0,,0.0,1,3.0,Oblačno
2019-05-15T18:00,11.0,75.0,1014.1,16.3,49.0,0.0,100.0,,0.0,1,3.0,Oblačno
2019-05-15T19:00,10.2,78.0,1014.0,16.8,43.0,0.1,100.0,,0.0,1,51.0,Slaba rosulja
2019-05-15T20:00,9.9,77.0,1014.0,19.1,46.0,0.1,100.0,,0.0,1,51.0,Slaba rosulja
2019-05-15T21:00,9.5,77.0,1014.0,19.6,49.0,0.1,99.0,,0.0,0,51.0,Slaba rosulja
2019-05-15T22:00,9.3,78.0,1014.1,19.1,47.0,0.1,99.0,,0.0,0,51.0,Slaba rosulja
2019-05-15T23:00,9.5,76.0,1014.0,16.1,50.0,0.0,96.0,,0.0,0,3.0,Oblačno
2019-05-16T00:00,9.5,75.0,1014.4,10.7,57.0,0.0,99.0,,0.0,0,3.0,Oblačno
2019-05-16T01:00,9.6,75.0,1014.3,10.2,51.0,0.0,52.0,,0.0,0,2.0,Djelomično oblačno
2019-05-16T02:00,9.4,75.0,1014.3,16.6,51.0,0.0,62.0,,0.0,0,2.0,Djelomično oblačno
2019-05-16T03:00,9.4,76.0,1013.7,18.6,54.0,0.0,75.0,,0.0,0,2.0,Djelomično oblačno
2019-05-16T04:00,9.4,77.0,1013.3,18.5,53.0,0.0,71.0,,0.0,0,2.0,Djelomično oblačno
2019-05-16T05:00,9.4,77.0,1013.1,19.5,51.0,0.0,83.0,,0.0,0,3.0,Oblačno
2019-05-16T06:00,9.5,76.0,1013.0,21.3,51.0,0.0,69.0,,0.0,1,2.0,Djelomično oblačno
2019-05-16T07:00,9.8,76.0,1012.9,22.2,48.0,0.0,24.0,,0.0,1,1.0,Uglavnom vedro
2019-05-16T08:00,10.9,72.0,1013.3,25.4,51.0,0.0,40.0,,0.0,1,1.0,Uglavnom vedro
2019-05-16T09:00,11.9,70.0,1013.3,22.5,55.0,0.0,61.0,,0.0,1,2.0,Djelomično oblačno
2019-05-16T10:00,12.6,69.0,1013.3,18.9,55.0,0.0,63.0,,0.0,1,2.0,Djelomično oblačno
2019-05-16T11:00,13.5,67.0,1013.0,16.1,56.0,0.0,59.0,,0.0,1,2.0,Djelomično oblačno
2019-05-16T12:00,14.6,64.0,1012.7,11.6,54.0,0.0,44.0,,0.0,1,1.0,Uglavnom vedro
2019-05-16T13:00,16.1,58.0,1012.1,6.8,58.0,0.0,55.0,,0.0,1,2.0,Djelomično oblačno
2019-05-16T14:00,16.4,59.0,1011.7,4.6,18.0,0.0,100.0,,0.0,1,3.0,Oblačno
2019-05-16T15:00,16.2,61.0,1011.7,7.7,28.0,0.0,79.0,,0.0,1,2.0,Djelomično oblačno
2019-05-16T16:00,15.9,63.0,1011.5,13.2,43.0,0.0,34.0,,0.0,1,1.0,Uglavnom vedro
2019-05-16T17:00,15.4,65.0,1011.5,14.7,54.0,0.0,29.0,,0.0,1,1.0,Uglavnom vedro
2019-05-16T18:00,14.7,68.0,1011.5,15.1,50.0,0.0,15.0,,0.0,1,0.0,Vedro
2019-05-16T19:00,13.6,72.0,1011.4,15.9,57.0,0.0,10.0,,0.0,1,0.0,Vedro
2019-05-16T20:00,12.0,78.0,1012.1,17.0,54.0,0.0,7.0,,0.0,1,0.0,Vedro
2019-05-16T21:00,10.9,82.0,1012.5,16.1,51.0,0.0,50.0,,0.0,0,2.0,Djelomično oblačno
2019-05-16T22:00,10.5,84.0,1012.7,15.4,53.0,0.0,65.0,,0.0,0,2.0,Djelomično oblačno
2019-05-16T23:00,10.2,85.0,1012.7,14.6,52.0,0.0,88.0,,0.0,0,3.0,Oblačno
2019-05-17T00:00,9.8,86.0,1012.5,13.3,52.0,0.0,30.0,,0.0,0,1.0,Uglavnom vedro
2019-05-17T01:00,9.3,87.0,1012.3,12.8,52.0,0.0,3.0,,0.0,0,0.0,Vedro
2019-05-17T02:00,8.8,88.0,1011.8,13.0,51.0,0.0,5.0,,0.0,0,0.0,Vedro
2019-05-17T03:00,8.7,87.0,1011.3,11.8,50.0,0.0,3.0,,0.0,0,0.0,Vedro
2019-05-17T04:00,8.5,86.0,1011.0,10.2,51.0,0.0,6.0,,0.0,0,0.0,Vedro
2019-05-17T05:00,8.2,87.0,1010.8,11.0,49.0,0.0,4.0,,0.0,0,0.0,Vedro
2019-05-17T06:00,8.4,86.0,1011.2,11.7,47.0,0.0,14.0,,0.0,1,0.0,Vedro
2019-05-17T07:00,10.3,83.0,1011.5,11.5,46.0,0.0,6.0,,0.0,1,0.0,Vedro
2019-05-17T08:00,13.0,76.0,1011.6,8.9,40.0,0.0,4.0,,0.0,1,0.0,Vedro
2019-05-17T09:00,15.2,69.0,1011.7,3.2,27.0,0.0,7.0,,0.0,1,0.0,Vedro
2019-05-17T10:00,16.8,62.0,1011.3,6.4,223.0,0.0,44.0,,0.0,1,1.0,Uglavnom vedro
2019-05-17T11:00,16.7,69.0,1011.2,12.0,224.0,0.0,28.0,,0.0,1,1.0,Uglavnom vedro
2019-05-17T12:00,17.0,70.0,1011.4,10.5,221.0,0.0,3.0,,0.0,1,0.0,Vedro
2019-05-17T13:00,17.5,67.0,1011.1,10.4,214.0,0.0,35.0,,0.0,1,1.0,Uglavnom vedro
2019-05-17T14:00,17.3,65.0,1011.1,9.8,208.0,0.0,52.0,,0.0,1,2.0,Djelomično oblačno
2019-05-17T15:00,17.7,63.0,1011.0,9.2,201.0,0.0,83.0,,0.0,1,3.0,Oblačno
2019-05-17T16:00,17.7,61.0,1010.5,8.0,198.0,0.0,92.0,,0.0,1,3.0,Oblačno
2019-05-17T17:00,17.7,61.0,1010.3,7.4,209.0,0.0,89.0,,0.0,1,3.0,Oblačno
2019-05-17T18:00,17.5,63.0,1009.9,5.9,227.0,0.0,79.0,,0.0,1,2.0,Djelomično oblačno
2019-05-17T19:00,16.9,69.0,1009.6,4.3,265.0,0.0,93.0,,0.0,1,3.0,Oblačno
2019-05-17T20:00,15.2,82.0,1009.5,2.9,30.0,0.0,77.0,,0.0,1,2.0,Djelomično oblačno
2019-05-17T21:00,12.9,90.0,1009.8,7.4,47.0,0.0,70.0,,0.0,0,2.0,Djelomično oblačno
2019-05-17T22:00,12.3,89.0,1010.1,10.7,50.0,0.0,83.0,,0.0,0,3.0,Oblačno
2019-05-17T23:00,12.2,87.0,1009.9,11.0,49.0,0.0,97.0,,0.0,0,3.0,Oblačno
2019-05-18T00:00,12.2,86.0,1009.8,10.7,48.0,0.0,95.0,,0.0,0,3.0,Oblačno
2019-05-18T01:00,11.6,88.0,1009.3,11.5,49.0,0.0,97.0,,0.0,0,3.0,Oblačno
2019-05-18T02:00,12.0,87.0,1009.1,11.5,49.0,0.0,95.0,,0.0,0,3.0,Oblačno
2019-05-18T03:00,12.2,86.0,1008.7,11.2,48.0,0.0,100.0,,0.0,0,3.0,Oblačno
2019-05-18T04:00,12.2,87.0,1008.2,10.4,46.0,0.0,98.0,,0.0,0,3.0,Oblačno
2019-05-18T05:00,12.1,87.0,1008.1,10.2,48.0,0.0,96.0,,0.0,0,3.0,Oblačno
2019-05-18T06:00,12.3,87.0,1007.9,11.5,46.0,0.0,100.0,,0.0,1,3.0,Oblačno
2019-05-18T07:00,13.2,84.0,1007.9,12.5,44.0,0.0,92.0,,0.0,1,3.0,Oblačno
2019-05-18T08:00,14.7,80.0,1008.0,10.5,38.0,0.0,91.0,,0.0,1,3.0,Oblačno
2019-05-18T09:00,17.3,71.0,1007.7,10.5,41.0,0.0,9.0,,0.0,1,0.0,Vedro
2019-05-18T10:00,19.1,63.0,1007.2,7.6,65.0,0.0,4.0,,0.0,1,0.0,Vedro
2019-05-18T11:00,20.4,59.0,1007.0,2.5,172.0,0.0,24.0,,0.0,1,1.0,Uglavnom vedro
2019-05-18T12:00,19.8,65.0,1007.1,5.5,203.0,0.0,63.0,,0.0,1,2.0,Djelomično oblačno
2019-05-18T13:00,18.7,75.0,1007.6,8.2,221.0,2.2,74.0,,0.0,1,61.0,Slaba kiša
2019-05-18T14:00,16.9,81.0,1008.4,4.0,243.0,7.9,75.0,,0.0,1,65.0,Jaka kiša
2019-05-18T15:00,16.7,88.0,1008.2,5.5,337.0,3.0,82.0,,0.0,1,63.0,Umjerena kiša
2019-05-18T16:00,17.7,85.0,1007.5,1.9,292.0,0.6,84.0,,0.0,1,53.0,Umjerena rosulja
2019-05-18T17:00,17.8,89.0,1007.3,2.9,240.0,0.3,67.0,,0.0,1,51.0,Slaba rosulja
2019-05-18T18:00,15.8,91.0,1008.2,8.7,225.0,4.7,49.0,,0.0,1,63.0,Umjerena kiša
2019-05-18T19:00,15.7,91.0,1008.2,5.2,12.0,1.0,66.0,,0.0,1,55.0,Jaka rosulja
2019-05-18T20:00,15.1,92.0,1007.8,7.6,19.0,0.0,72.0,,0.0,1,2.0,Djelomično oblačno
2019-05-18T21:00,14.2,92.0,1007.5,8.3,34.0,0.0,63.0,,0.0,0,2.0,Djelomično oblačno
2019-05-18T22:00,13.1,91.0,1007.7,7.5,55.0,0.0,21.0,,0.0,0,1.0,Uglavnom vedro
2019-05-18T23:00,12.5,90.0,1007.8,7.6,59.0,0.0,91.0,,0.0,0,3.0,Oblačno
2019-05-19T00:00,13.0,89.0,1007.8,6.1,50.0,0.0,91.0,,0.0,0,3.0,Oblačno
2019-05-19T01:00,13.2,92.0,1007.4,6.9,47.0,0.0,95.0,,0.0,0,3.0,Oblačno
2019-05-19T02:00,12.5,94.0,1006.9,5.6,50.0,0.0,95.0,,0.0,0,3.0,Oblačno
2019-05-19T03:00,13.2,92.0,1006.6,3.1,45.0,0.0,83.0,,0.0,0,3.0,Oblačno
2019-05-19T04:00,12.7,91.0,1006.2,3.3,49.0,0.0,69.0,,0.0,0,2.0,Djelomično oblačno
2019-05-19T05:00,12.3,92.0,1005.9,2.0,45.0,0.0,40.0,,0.0,0,1.0,Uglavnom vedro
2019-05-19T06:00,11.7,91.0,1006.0,2.0,45.0,0.0,69.0,,0.0,1,2.0,Djelomično oblačno
2019-05-19T07:00,13.8,89.0,1006.5,2.3,51.0,0.0,98.0,,0.0,1,3.0,Oblačno
2019-05-19T08:00,14.9,87.0,1005.9,4.0,5.0,0.1,98.0,,0.0,1,51.0,Slaba rosulja
2019-05-19T09:00,16.6,82.0,1005.8,2.4,333.0,0.0,97.0,,0.0,1,3.0,Oblačno
2019-05-19T10:00,18.0,77.0,1005.2,2.2,261.0,0.0,96.0,,0.0,1,3.0,Oblačno
2019-05-19T11:00,17.8,80.0,1005.2,7.1,246.0,1.9,94.0,,0.0,1,61.0,Slaba kiša
2019-05-19T12:00,17.9,78.0,1005.0,8.0,260.0,1.4,100.0,,0.0,1,61.0,Slaba kiša
2019-05-19T13:00,16.7,83.0,1005.3,9.4,266.0,1.1,100.0,,0.0,1,55.0,Jaka rosulja
2019-05-19T14:00,17.4,83.0,1004.9,3.3,283.0,1.4,100.0,,0.0,1,61.0,Slaba kiša
2019-05-19T15:00,16.8,84.0,1005.3,3.6,276.0,0.5,100.0,,0.0,1,53.0,Umjerena rosulja
2019-05-19T16:00,16.6,85.0,1005.0,4.0,355.0,0.3,99.0,,0.0,1,51.0,Slaba rosulja
2019-05-19T17:00,16.8,83.0,1004.4,3.9,22.0,0.4,98.0,,0.0,1,51.0,Slaba rosulja
2019-05-19T18:00,16.7,87.0,1004.3,2.2,279.0,0.2,95.0,,0.0,1,51.0,Slaba rosulja
2019-05-19T19:00,15.8,93.0,1004.3,2.1,211.0,1.0,98.0,,0.0,1,55.0,Jaka rosulja
2019-05-19T20:00,15.1,94.0,1004.4,1.9,202.0,0.6,88.0,,0.0,1,53.0,Umjerena rosulja